exhibit_id,sort_order,label,title,body,image_url,caption
the-great-migration,10,Part 1: The Arrival,North End Arrivals,"Between 1910 and 1970 the demographic landscape of Hartford shifted dramatically. This panel explores the initial waves of the Great Migration and the community centers that took root along Main Street and Albany Avenue.",https://live.staticflickr.com/65535/53778710552_01f2058482_b.jpg,Albany Avenue storefronts
the-great-migration,20,Part 2: Building Community,Churches and Mutual Aid,"New residents established churches, mutual-aid societies, and businesses that anchored a vibrant Black community in the face of housing and employment discrimination.",https://live.staticflickr.com/65535/53778710552_01f2058482_b.jpg,A North End congregation
the-great-migration,30,Part 3: Working the City,Industrial Opportunity,"The promise of factory work drew families north, even as the best jobs and neighborhoods stayed closed. Labor became both a livelihood and a site of struggle.",https://live.staticflickr.com/65535/53778710552_01f2058482_b.jpg,Shift change at the plant
the-great-migration,40,Part 4: A Lasting Mark,Roots That Held,"By 1940 the North End had become a cornerstone of Hartford's African American life — a legacy still visible in the city's culture and geography today.",https://live.staticflickr.com/65535/53778710552_01f2058482_b.jpg,
housing-justice,10,Part 1: The Red Lines,Graded for Exclusion,"The 1937 HOLC security map graded Hartford's neighborhoods and encoded racial exclusion into who could borrow, buy, and build.",https://live.staticflickr.com/65535/53778710552_01f2058482_b.jpg,The HOLC grade map
housing-justice,20,Part 2: Renewal and Removal,What Urban Renewal Took,"Mid-century 'renewal' cleared blocks of Black Hartford in the name of progress, displacing families and severing established neighborhoods.",https://live.staticflickr.com/65535/53778710552_01f2058482_b.jpg,Demolition downtown
housing-justice,30,Part 3: The Fight Back,Organizing for Home,"Tenants, churches, and activists organized against displacement and for fair housing across the postwar decades.",https://live.staticflickr.com/65535/53778710552_01f2058482_b.jpg,
labor-industry,10,Part 1: The Factory Floor,Powering the Capital,"Hartford's factories — from typewriters to aircraft — ran on the labor of migrants and immigrants alike.",https://live.staticflickr.com/65535/53778710552_01f2058482_b.jpg,Assembly line, c. 1925
labor-industry,20,Part 2: Organizing,Unions and Wages,"Workers organized for fair wages and safer conditions, with mixed access across racial lines.",https://live.staticflickr.com/65535/53778710552_01f2058482_b.jpg,
